,Aroma,Appearance,Flavor,Mouthfeel,Overall,맥주,Cluster
0,0.4073360167809965,0.46250794032310694,0.41937713748525945,0.43781549263590847,0.4296965247308163,Kloud Original Gravity,2
1,0.2831955164286929,0.24167081566432613,0.21970450962247795,0.22459366180673235,0.2676601257401454,Kloud Fitz Super Clear,1
2,0.32995250198780546,0.37959984639173516,0.3779797805238148,0.4048029142641122,0.38729800113821145,Asahi Super Dry,1
3,0.3036175523063005,0.3053797938033975,0.34995567135284983,0.36843361212699954,0.34917623082271054,Tsingtao,1
4,0.2923053421668622,0.36825498529267153,0.36222303772073633,0.3870527337668448,0.37166838264723656,Heineken,1
5,0.3544446618226429,0.39159591523752657,0.3947727405699036,0.4212681900644125,0.4014842604918053,Kirin Ichiban,1
6,0.3569985577966782,0.3969580344763909,0.4165543915976421,0.4343207348232937,0.4213136660404858,Sapporo Premium Beer / Draft Beer,1
7,0.4122626524805354,0.48244329438872924,0.48672030398224936,0.5077845019323267,0.5002811497984243,Stella Artois,2
8,0.6773492775132864,0.9999999999999999,0.7233522967067352,0.7471988756498323,0.7632735590527179,Guinness Draught,0
9,0.5855264540844437,0.5665203377403053,0.5454422201215807,0.5310581179827797,0.5527309040892759,Kronenbourg 1664 Blanc,2
10,0.6643285473394328,0.6792801431488226,0.7392626422010831,0.7379141726190152,0.7547795094247713,Pilsner Urquell,0
11,0.27724110289435266,0.34593617158045065,0.29643578363974016,0.31285758247555395,0.30984402030942204,San Miguel,1
12,0.38749144160448645,0.41731485675723146,0.3876144267049961,0.43781549263590847,0.37291453875972624,OB Premier Pilsner,1
13,0.25087720828409077,0.2746200992854039,0.25107950656223094,0.28213075277202104,0.24872818066149172,Cass Fresh,1
14,0.3204376665343839,0.34682413608504215,0.31120497598289826,0.36942943634815084,0.33928348755662774,Hite D (Dry Finish),1
15,0.27463157860957754,0.3004768566912993,0.3007586483555654,0.27898534393523167,0.3020716293413088,Hite Prime Max,1
16,0.348620915263015,0.43987241658194676,0.3481740146131734,0.45233762814103073,0.34697523996080404,Hite Extra Cold,1
17,0.2890436494007803,0.3415616043524782,0.32914174074420793,0.3421530392835306,0.3260519447293514,Victoria Bitter,1
18,0.3123739066909801,0.36675782398275314,0.334320933146029,0.3509981638795565,0.3310959642225759,Bintang Pilsener,1
19,0.7049736211219624,0.7184941832724313,0.6922931324464139,0.6618461925130589,0.6900777876633498,Krombacher Weizen,0
20,0.14793041776459387,0.23627320293991338,0.20320334069922968,0.2408769044674287,0.19565182764261352,Miller Genuine Draft (MGD),1
21,0.3611712682124836,0.3325057084485038,0.351914929236475,0.40199422505660687,0.2970067180017891,Tiger Radler Lemon,1
22,0.5090465858196455,0.5101602735685175,0.5638534131444901,0.5387663376321221,0.5487196250803275,Suntory The Premium Malt's,2
23,0.6463064799591811,0.7700132195649562,0.5066127516000669,0.4736367602152102,0.5503236217572046,Reeper B. Blondes Weissbier,2
24,0.45845269339665107,0.44265465830605755,0.45871868894880014,0.4272798257008198,0.46358649053278667,Reeper B. Exotisches IPA,2
25,0.33731750352798207,0.3713752703615748,0.37741882540073385,0.387398670014655,0.38268815011075064,Tiger Beer,1
26,0.6366511077095575,0.5638985698834275,0.585017106014363,0.4577161968466317,0.5881321148550279,Tsingtao Wheat Beer,2
27,0.656381472718521,0.7038569309078001,0.6871934366551176,0.6840207847523087,0.7020628492091477,Erdinger Weissbier,0
28,0.3563605464543357,0.40295621920832814,0.4132590206422387,0.42832757158386725,0.41976943288350566,Carlsberg Pilsner,1
29,0.12220582457856005,0.1885891896346703,0.1664852308862645,0.19607159627356074,0.1592538145912173,Budweiser,1
30,0.7907807380692846,0.7357102326454051,0.8031830494847347,0.7702024959137942,0.8204465243287283,Hoegaarden,0
31,0.45530829215373203,0.4565535794237301,0.49839370741007055,0.4858408513778746,0.49414759573488687,Sapporo Yebisu,2
32,0.8169827248218451,0.8089935574529822,0.8322310674581186,0.813965776064644,0.8416596984665609,Paulaner Hefe-Weissbier,0
33,0.24498131887611363,0.29128251907552993,0.2282968070085692,0.2417424436111122,0.2139818902965825,Desperados,1
34,0.3455411304495719,0.35110206111307773,0.3963530869772964,0.418247159267953,0.3928013892055918,Peroni Nastro Azzurro,1
35,0.7616139062479557,0.6337801114880793,0.7431062646546918,0.6764402443564871,0.7412274284449829,Edelweiss Weissbier Snowfresh,0
36,0.5001707368845725,0.5670639989044252,0.537224111798493,0.5218149766881469,0.5529614236012389,Heineken Dark Lager,2
37,0.6333284619272469,0.686872510379562,0.642342127844854,0.618870756951312,0.6558500469975929,Kozel Černý (Dark) 10°,0
38,0.6896735205359407,0.7942952999550866,0.7137794702364162,0.6826054402714007,0.7226417254601382,Guinness Original 4.2% (Ireland/UK),0
39,0.5919950110550485,0.5716764811921643,0.6260286144772254,0.664683520638152,0.648625703811545,Jeju Wit Ale,0
40,0.34138637596883525,0.38750665270314344,0.3641279152125481,0.361055633537405,0.3653320662428553,Stephans Bräu Premium Pilsener,1
41,0.3291804883579761,0.4054947664006143,0.35171634409865277,0.31113052192862234,0.35021525584921354,Stephans Bräu Premium Lager,1
42,0.5463972503487212,0.5480863326074238,0.5513489639666349,0.4870205305195645,0.5399366731039565,Stephans Bräu Hefe-Weizen Naturtrüb,2
43,0.45904351114862996,0.477062984724241,0.4709218336791227,0.4623506074162521,0.4954236180809134,Eichbaum Apostel Bräu,2
44,0.4919572856117984,0.46750094388987484,0.5149161981560375,0.48601691501598854,0.4919507358129733,Egger Märzenbier,2
45,0.4304982608724651,0.40748248584375457,0.4678983842902931,0.4448392705926343,0.4585824252698394,Holsten Premium Bier,2
46,0.8204311434876224,0.8035878228916665,0.8356688306449838,0.8086679027148186,0.8495182230122232,Franziskaner Hefe-Weissbier / Weissbier Naturtrub,0
47,0.43969178548984167,0.4058580315888791,0.461571952255684,0.42638317319570584,0.43046265427687136,Egger Grapefruit Radler,2
48,0.3469502388546908,0.3943324277825919,0.39117860783499064,0.3995197295988262,0.393202800659891,Bavaria Pilsener / Premium Beer,1
49,0.3774647088837235,0.4309448984497056,0.39567812898407,0.40871071272772597,0.38821970760028757,Bavaria 8.6 (Original),1
50,0.37709440341392253,0.4146378003080923,0.40483786846612485,0.41033895216314875,0.39307466182762163,Lapin Kulta IV A,1
51,0.4430083860084204,0.5035725312744804,0.5085902150104835,0.5187632356345413,0.5207794983227916,Grolsch Premium Lager,2
52,0.47317246582393746,0.533364594453903,0.4884714461714172,0.5000513819315121,0.4928587237597172,Gambrinus Originál 10° (Desítka),2
53,0.25398598693403307,0.35114981937974077,0.27884987588070914,0.2774392292906692,0.2896179994160053,Castlemaine XXXX Gold Lager,1
54,0.7780561365636389,0.7959053177863423,0.8019023658686242,0.7814508252201368,0.8132582691948916,Leffe Brune / Bruin / Brown,0
55,0.2987130789727308,0.20417017185434427,0.3166329697500418,0.27363468289744275,0.3423769097191769,Löwenbräu Original (4.2%),1
56,0.4948378277932106,0.6287144974562352,0.5231982881107833,0.5008343893031982,0.5482231499184367,Asahi Super Dry Black,2
57,0.3092589952647954,0.30979496256401196,0.33270615517702035,0.3537688292216896,0.3372990700312817,Harbin Beer,1
58,0.3871601752773274,0.40500210340401743,0.447620830978492,0.4478913098987579,0.45237358774722813,Beck's,2
59,0.5397202222348204,0.5110883198042194,0.47330460802895863,0.46495281655962195,0.48172412102289686,Hoegaarden Rosée,2
60,0.6238249381270872,0.5262285464717747,0.5883163511612524,0.565748591133414,0.5749584238801766,Schöfferhofer Grapefruit,2
61,0.7677666740538784,0.5886464695021357,0.7286670420741221,0.6494866192408727,0.6843719154676688,Volfas Engelman Grünberger Hefeweizen,0
62,0.5121697823401368,0.5155127262767499,0.5343838825017317,0.5475007693322195,0.5330313652240916,Berliner Kindl Jubiläums Pilsener Premium,2
63,0.20172831307249361,0.4750081549264339,0.27398444729391386,0.33546901383790395,0.22084961047617369,Red Rock,1
64,0.6802111439093866,0.7662321032354923,0.7121615623662492,0.6945242299676452,0.7329882247480165,Erdinger Weissbier Dunkel,0
65,0.5120008781997866,0.5136998569203174,0.5624545176667657,0.5687658811923174,0.5688890186038243,Warsteiner Premium Verum,2
66,0.41374544478831665,0.44457284980528966,0.419629994337766,0.4411528778141044,0.40543020410902486,"5,0 Original Pils",2
67,0.5946451489955512,0.583694759810785,0.6385522386508158,0.6431763740393345,0.6453003785149891,Gaffel Kölsch,0
68,0.4910661980082013,0.4914225781429241,0.5415657417672792,0.5400327460818954,0.5483186259111079,DAB Original,2
69,0.6351199386028075,0.6738921663763863,0.6661107027801254,0.6603618005446293,0.6750352183933083,Diebels Alt,0
70,0.68308909709683,0.679732699674488,0.699504547273667,0.6738053884909642,0.7111314185809936,Leikeim Original Steinbier,0
71,0.4729661783643101,0.4761846457126294,0.5300124222096858,0.5308303807199773,0.537996146696738,Löwenbräu München Original,2
72,0.7316074340615546,0.6935780837993172,0.7149519241330777,0.7209615415164176,0.7338060147319349,Licher Weizen Hefe Hell,0
73,0.8259277303368937,0.7813514423882556,0.8311456183821015,0.7909829194740933,0.830578125926985,Maisels Weisse Original,0
74,0.5939919432840759,0.5250090133397428,0.6240709773808786,0.5972075497803419,0.6293938426854392,Berliner Kindl Weisse,2
75,0.556605889029749,0.5311527358362716,0.6110727593103087,0.6093002842389478,0.6206313301986887,Bitburger Premium Pils,2
76,0.9524960604010955,0.8754857767842071,0.9708212030914243,0.9555014645788752,0.9723192908524111,Schneider Weisse Aventinus,0
77,0.6678842797670393,0.6621735303384143,0.6529485295115725,0.6459661015426611,0.6509759614905989,Schmucker Rosé Bock,0
78,0.8160213868266919,0.7997963395763618,0.8563643499873181,0.8420840838880267,0.8731752758620951,Spaten Optimator,0
79,0.7172859513890653,0.663804499624962,0.6825546185350655,0.6354500723837794,0.6741790301811083,Arcobräu Weissbier Hell,0
80,0.7279318720597614,0.6167581613020278,0.7421771413003755,0.6934332758474296,0.7408343782404109,Augustiner Heller Bock,0
81,0.6885067377945255,0.6674471621933896,0.7165061263174495,0.7117587719299624,0.7251807524683175,Einbecker Mai-Ur-Bock,0
82,0.6238900265516156,0.59380000325869,0.6835287995883133,0.6713545119313552,0.6790238698727249,Jever Pilsener,0
83,0.3165466956278191,0.4048576968540307,0.3462033835561225,0.328213106758941,0.33983753331708433,Zähringer German Beer Premium,1
84,0.4186509061360243,0.40834034370868877,0.4003145403268385,0.402989260267143,0.3969891775271438,The Cannabis Club Sud,1
85,0.7599612156218005,0.7407602663706992,0.7580565805192174,0.7319361945738015,0.7668884461925302,Kapuziner Weissbier,0
86,0.7091754399885293,0.7962320486255642,0.747551783143177,0.7067986299311805,0.7640382272957004,Köstritzer Schwarzbier,0
87,0.5716313031242504,0.5716499051854148,0.6123288033291727,0.6120259853051769,0.6125913677930274,König Pilsener,2
88,0.5442953731479404,0.5887782240697598,0.5804469525320199,0.5835479787504586,0.5853140905247555,Krombacher Pils,2
89,0.5691620261688211,0.6790932913072866,0.44726879641992595,0.45504729773965413,0.4721713721759897,Neuzeller Schwarzer Abt (Black Abbot),2
90,0.5298257126073386,0.5436263542383152,0.5499212125081272,0.5216525018640611,0.5205594888929609,Neuzeller Pilsner,2
91,0.5531505039475272,0.544031079040458,0.565022684529112,0.5779856701201321,0.5536113168091892,Neuzeller Bock,2
92,0.7121727619642879,0.7266653679322609,0.7234761625565469,0.7251891800046856,0.7374020096827975,Tucher Helles Hefe Weizen,0
93,0.42156044911303137,0.4791748931275429,0.44845567552352866,0.44776584474127,0.4416992209523476,Paderborner Pilsener,2
94,0.4239248754839323,0.45764384007997094,0.4343909098447675,0.4535528696058946,0.4552487081513815,Feldschlösschen Original,2
95,0.5084677174990372,0.4928245527518659,0.5215865275094285,0.5386914760488842,0.5264217008332934,Potsdamer Rex Pils,2
96,0.5819754814468722,0.5159571337994023,0.621723653903284,0.5860414274468119,0.6037770085506791,Pfungstädter Edel-Pils,2
97,0.5508734703133478,0.5250090133397428,0.5822169504995667,0.5542346122686387,0.5711182929610075,Fürstenberg Premium Pilsener,2
98,0.6008246706003687,0.57423512662865,0.6467442712619618,0.6429658987366761,0.6454532152369483,Früh Kölsch,0
99,0.6057946064025951,0.5824726864416053,0.6593018826793295,0.6524600503433128,0.6576413199005431,Hofbräu München Oktoberfestbier,0
100,0.6399174947804022,0.6156297060738073,0.7006915343718094,0.6962259501263676,0.7092186021307956,Budweiser Budvar / Czechvar,0
101,0.547458867119093,0.5750439090971041,0.5986189087150262,0.6018032560605534,0.6085677469310468,Staropramen Ležák / Premium / 12°,2
102,0.6179000397563253,0.7071887971484864,0.6261313525296004,0.5980883565159593,0.6437117924057711,Krušovice Černé,0
103,0.7042815627420544,0.6844792067407691,0.636691892173626,0.6487158550110864,0.6630033714037746,Primátor 24 Double,0
104,0.44789774672205784,0.4807044552520009,0.47569379976190745,0.4491513368065736,0.49815747305261326,Vratislav Premium / Supermarket Czech Lager,2
105,0.6499272445527899,0.5794543925009011,0.5771766705729333,0.5651799995845367,0.598214379681114,Celia Saison,2
106,0.3367311072056238,0.3325057084485038,0.31120497598289826,0.1870666195807973,0.31591096455070067,Staropilsen Hopfen Brau,1
107,0.3961633717492892,0.44434096176627125,0.42938015457042406,0.4347450982719684,0.4413631454581447,Żubr,2
108,0.5526859724957456,0.5594358338866111,0.5953737972185214,0.5890282205321408,0.5986689080134374,Litovel Premium 12°,2
109,0.5662769331327971,0.5781962009656644,0.5976114706374738,0.5888267187055131,0.6107430764135297,Radegast Premium,2
110,0.6995834446937116,0.6378581729531133,0.699338839820373,0.6439299291041122,0.7071088411509556,Lefebvre Blanche de Bruxelles,0
111,0.39892156385218713,0.3463087623203468,0.29560905022941536,0.3470010114489467,0.31628372434180596,Mongozo Banana,1
112,0.521993562245277,0.49260104955333894,0.5066127516000669,0.44444906070614953,0.4957113539492378,Willianbräu Weizen,2
113,0.8322433911486244,0.669129134648692,0.8706076277496948,0.7433498337534811,0.8817039436145965,Uiltje Simcoe The Saint Bernard,0
114,0.9900342959702486,0.8423810100158199,1.0,0.9787038853013063,0.9960332809595148,Abbaye des Rocs Brune,0
115,0.927264140839501,0.7637463641073073,0.9401911087855426,0.9133962680492916,0.940289906230246,Cantillon Gueuze (Classic/Organic/Bio),0
116,0.3859103914334946,0.4672098559078445,0.35124265477907674,0.35401344462928563,0.37029969590610146,Berthold Keller Premium Lager,1
117,0.3587415446036145,0.34079532444860494,0.380911843308321,0.34040678255184265,0.35995454247518255,Freedom Pils,1
118,0.3384022293257509,0.42180211328150274,0.37508828724235727,0.3551510289913663,0.3564339135632394,Lander Bräu,1
119,0.43877949877812605,0.35921669333771866,0.42947810333013187,0.37182894709508973,0.36128115626808854,Red Mex,1
120,0.2933233912188856,0.34065470331204706,0.3027522223302472,0.3133981128757386,0.30644441055368843,Royal Dutch Post Horn,1
121,0.354382334599467,0.3937567600048071,0.3858398902811225,0.37214316874052233,0.36569214712950127,Breda Royal Beer / Lager,1
122,0.8394663998008365,0.7262201971961982,0.8315057118653271,0.7743969681998778,0.839092837156521,Amsterdam Boneshaker IPA,0
123,0.35137874578885975,0.39537715819412733,0.3818785513955049,0.3992201874999607,0.37362938465357287,Oranjeboom Premium Lager,1
124,0.6483431600430861,0.6368164884028361,0.6570134122313369,0.5995087143480337,0.6511462700180668,Trio Brouwerij Extra Stout,0
125,0.4589319122399228,0.402506910227136,0.48625777497327854,0.4736367602152102,0.47281621090666703,Gouden Haven,2
126,0.36439206462424034,0.39477421933298473,0.4157254141037094,0.3919975922437786,0.39117624383380933,Holland Import Pilsener Bier,1
127,0.3466070001288918,0.3733652720687448,0.38189954688451416,0.38490661820258554,0.3776620788793994,Hollandia,1
128,0.2715573445206644,0.26250450666987135,0.27592301649646495,0.1393049294750618,0.2667599235235305,Holbrand,1
129,0.5044404554000825,0.5250090133397428,0.5796604312170248,0.5791667670169572,0.5984346862390107,Harp Lager,2
130,0.5311391788171254,0.554357343277989,0.5430241383610299,0.5835479787504586,0.5446875730966595,Guinness Blonde American Lager,2
131,0.59394465352853,0.5908221090290554,0.6105333160308499,0.5852848135820364,0.6034278585014407,Hop House 13 Lager,2
132,0.6853274726004085,0.8975763851754953,0.7140869384487256,0.7203084158222707,0.7423960361705365,Murphy's Irish Stout,0
133,0.5901800280408439,0.6942304699901215,0.6460714987050773,0.6346731575412191,0.6716278721663579,Smithwick's Ale / Draught,0
134,0.7531783175105882,0.8159459980620182,0.7581872738052098,0.7285061317240277,0.7697779565894899,O'Hara's Irish Stout,0
135,0.6865005051546826,0.9209984392536131,0.7392915723675244,0.7347703004187182,0.7671990495919495,Beamish Irish Stout,0
136,0.7474292625378287,0.6305663811011725,0.7650886452735706,0.6908387318865309,0.7621712100672301,Eight Degrees Howling Gale Ale,0
137,0.8249724845610529,0.6306142746437141,0.7733331349855703,0.697210878554989,0.7765227097734918,White Hag Little Fawn,0
138,0.7104290529234152,0.7169477924101862,0.7534989197185329,0.744029554200906,0.7613194058192506,Wicklow Wolf Black Perle Porter,0
139,0.7501330802538353,0.714406204299246,0.7413558586726399,0.6696457741556311,0.729218353168117,McGargles Jim's Stout,0
140,0.766627272608337,0.6057796307766264,0.8135031684347227,0.7409185259992298,0.7800829259670533,Grafters IPA,0
141,0.5673938777885463,0.6388131418013215,0.6284998652347675,0.5960648315209677,0.6486575313750088,Newcastle Brown Ale (Non-US Version),2
142,0.7396767708096423,0.6947346898312224,0.7847710314182805,0.7543876871475378,0.7955639252360812,Fuller's London Pride (Filtered),0
143,0.26180644373285666,0.3601413180309949,0.25952376891812584,0.3002009704683213,0.2774893607539939,Tennents Super,1
144,0.8707233920009307,0.902643815147303,0.8799626520934005,0.855180810289966,0.8933838354126037,Young's Double Chocolate Stout,0
145,0.6400241269680514,0.6604482317602588,0.6642579519939453,0.6591521737257678,0.6668954388951536,Morland Old Speckled Hen (Filtered),0
146,0.6839926497382636,0.7027070466675182,0.714267893183637,0.6772467669923431,0.7290358978753305,Wychwood Hobgoblin (Bottle),0
147,0.6178267345736308,0.6794063572295953,0.6776440643293007,0.6579113406977862,0.7033759130536996,Bass Pale Ale (USA and export),0
148,0.6879452727856828,0.777791130873693,0.7327791585643826,0.6666735910592242,0.7309641998912491,Wadworth Corvus Stout,0
149,0.7962134324282817,0.7249004629875732,0.8195277786242006,0.7729629625407964,0.8237048534846901,Meantime London IPA,0
150,0.325568196438243,0.3652891741031339,0.3654047956651511,0.37899459199831,0.3670477653014589,Cobra,1
151,0.49911319389526865,0.7300690309794088,0.5546366964551339,0.6078147286054755,0.5963773568526323,Boddingtons Pub Ale (Can),2
152,0.799184778757299,0.7782164853983896,0.8392894008441398,0.8089014364652362,0.8417443974627702,Belhaven Wee Heavy / 90 Shilling (Bottle),0
153,0.2671537119068157,0.38311468541008264,0.2645535700923129,0.30711627308980805,0.2723801049299638,Kestrel Super Premium Lager,1
154,0.3561469842424323,0.4036654667025664,0.3900149063929585,0.40224385061465084,0.3859159583910605,Faxe Premium,1
155,0.42682424974071465,0.5003027068296372,0.4433925889003946,0.4694224934411747,0.45024231649826063,Fuglsang Black Bird,2
156,1.0,0.9897351545841081,0.9981918113468067,0.9999999999999999,0.9999999999999999,Mikkeller Beer Geek Breakfast,0
157,0.32644659500888373,0.36076269474567035,0.3570541999308982,0.3616000297012242,0.35547134054383667,Tuborg Grøn (Green),1
158,0.6804907574459,0.688573912920534,0.7263932835442135,0.6871596100996745,0.7359064865707029,Royal Stout,0
159,0.3568492992081408,0.405053902310631,0.36135658036664736,0.4184753716423887,0.3495658485476363,Harboe Bjørne Bryg (Extra Stark),1
160,0.7149269320169029,0.6158759579562366,0.6772814017785234,0.6238105358361282,0.6746553971365847,Krenkerup Rauch Bier,0
161,0.4015582009401314,0.4530219618652628,0.3922784148027874,0.4365452349203306,0.39345859720240617,Albani Giraf Beer,2
162,0.27427291796587094,0.40834034370868877,0.2514970445443189,0.36617295747730527,0.2768421883496167,Karlens Pilsner,1
163,0.3588436338308779,0.4458409875186705,0.36122006140872115,0.4122288729364073,0.37973530170869274,Zagorka Spetsialno (Special),1
164,0.3582635963242077,0.37645340827897944,0.3437729385857597,0.37964912566630293,0.3535006303572825,Kamenitza 1881,1
165,0.3927646470750098,0.3969580344763909,0.3914333716631179,0.4116048090412976,0.36312547300456766,Pirinsko Svetlo Pivo,1
166,0.3931314787599156,0.46577722721936177,0.4139193195765382,0.4681257959722407,0.40083465673965746,Shumensko,2
167,0.35685829862303775,0.42206606954763637,0.3092892134768475,0.35985155731625207,0.3354824198013385,Astika Fine Quality Lager,1
168,0.35302454787686366,0.3271795300523035,0.34731293452085327,0.37551763597625354,0.3629250037940809,Boliarka Svetlo,1
169,0.31907987981178054,0.35486720346112255,0.3053246494018261,0.34826232368765453,0.3098195962182737,Burgasko Svetlo,1
170,0.654453200294801,0.7000120177863237,0.6857365459158049,0.7243856332703212,0.6864341969093682,Almus T'mno (Dark),0
171,0.29453527367241283,0.41731485675723146,0.29784376055608336,0.35055855878889175,0.3399532883667524,Ledenika Special,1
172,0.2389704631781846,0.385006609782478,0.2786370133800368,0.34826232368765453,0.28944501938222444,Slavena Svetlo,1
173,0.34601661640536263,0.4045768382367193,0.2964968638396706,0.3395958879829847,0.3100567462645861,Ariana,1
174,0.7993231401760423,0.6619678863848931,0.8322923776286815,0.7882409363464676,0.8347092437538749,Ailyak Cryo Mosaic IPA,0
175,0.4122734230450086,0.4613715571773498,0.4325946547753819,0.48666267569859234,0.3681554277404201,Balkansko Svetlo,2
176,0.45776809504911997,0.5375092279430699,0.5124284592077206,0.5145753517344119,0.49091027546062527,Glarus Premium Pale Ale,2
177,0.26612619763025114,0.40834034370868877,0.2352130632428882,0.35423253495087137,0.21004718387679566,Diana Lager,1
178,0.3367311072056238,0.3150054080038456,0.29492099468146754,0.2945304223187021,0.24029397835505428,Varna Svetlo,1
179,0.3246881293181857,0.4032677928551647,0.2871330036242615,0.3054325472341417,0.2494995245006112,Britos,1
180,0.6381597596235612,0.6270940992669148,0.6423125957786562,0.6169218305324166,0.6322420234691551,Divo Pivo,0
181,0.6529719784155975,0.6562612666746784,0.6731534694556083,0.6820514079493284,0.6783569279293787,Stolichno Bock,0
182,0.7744421096736513,0.7971131323292965,0.7993902528207393,0.7591325455473233,0.8098504287593898,Baltika 6 Porter,0
183,0.343714010350441,0.3616728758562672,0.37789175655066237,0.37129028141720555,0.3764045535072178,Nevskoe Klassicheskoe,1
184,0.35106148273575044,0.33102977949533985,0.37320182045581524,0.3709203543854055,0.38496840495588125,Okhota (Oxota) Krepkoe,1
185,0.4783587068864009,0.4980854741941151,0.4878235424061084,0.4984360993085727,0.46714493694199355,Khamovniki Venskoe,2
186,0.3037653086382315,0.3215171477041835,0.30779670082678495,0.3211881098195777,0.32435193045161004,Bochkarev Svetloe,1
187,0.38481662723538035,0.34573764293105014,0.37753241201555504,0.3766572309151496,0.38064648200111995,Yarpivo Yantarnoe (Amber),1
188,0.471011532047911,0.38822505584126565,0.47292175580400336,0.4892828311119166,0.4734028944202541,Tinkoff Zolotoe (Tinkov Lager),2
189,0.6553107498038139,0.5741326637107128,0.612315788118126,0.5697885837175459,0.6266039148493041,Amadeus Biere Blanche,2
190,0.6517376268495942,0.6125105155630332,0.6016026425250793,0.557219717900247,0.5881321148550279,Vyatich Trifon IPA,2
191,0.27520512974556877,0.2899303506503057,0.2684291445045132,0.2694020704347144,0.29920751088360265,Klinskoe Svetloe,1
192,0.4213316645370616,0.4590463424329545,0.44272944034060774,0.461237090668529,0.4284639401572975,Zhiguli Barnoe (Zhiguly Restaurant),2
193,0.7506289874651402,0.7716856032251963,0.7925550171149511,0.7893040397024346,0.8006597194014947,Aldaris Porteris,0
194,0.2836265598326938,0.31111645234947727,0.3437729385857597,0.26534272280964155,0.3192717194927295,Līvu Pilzenes,1
195,0.35954192414535957,0.38780665785362334,0.36722187165981995,0.40199422505660687,0.3685403869428706,Cēsu Premium Alus,1
196,0.5159589545892622,0.48125826222809753,0.5727664256371292,0.4825920771100355,0.5302378597989861,Tērvete Alus,2
197,0.24022380476827998,0.1750030044465809,0.19345926503409144,0.2587091547394005,0.22168056636843353,Zelta Light,1
198,0.7223858124958071,0.6491147296405052,0.7281657242868635,0.6661582341772733,0.7276168344111406,Utenos Porter,0
199,0.4159248072123477,0.43872846231026574,0.42935851472816305,0.4686384438087958,0.41087183093593116,Kalnapilis Original,2
200,0.4092088260535529,0.36810976797384265,0.4448459259739505,0.36987860584757803,0.4760103767028624,Fortas Ekstra,2
201,0.5378661017102571,0.5103028785122993,0.5654540285716234,0.5717689722391791,0.5442869715987289,Liechtensteiner Brauhaus Hell´s,2
202,0.37184232442674625,0.39388000155723424,0.3790931233804122,0.3848403786101807,0.3857767996835796,Ursus Premium,1
203,0.6456414415644367,0.6131057638774774,0.625142411413202,0.6193586514561785,0.629284216185992,Silva Strong Dark Lager,0
204,0.25357107884462027,0.3750064380998165,0.26129563069539624,0.29592605612049305,0.27682582103658726,Bucegi,1
205,0.3860517924807282,0.3894210999847343,0.4097890789969653,0.3990897979555825,0.3997708834757825,Ciuc Premium,1
206,0.21152887888978056,0.3039525866703773,0.20235941675754548,0.2775624534653488,0.2259665493916686,Noroc Blonda (Pils),1
207,0.3658037170307771,0.3763136500844778,0.3703807511697969,0.380454639322648,0.3785791596461775,Bergenbier,1
208,0.3423403244858867,0.38156392772779124,0.35712046424267013,0.38790061158278333,0.3414471926757878,Neumarkt Premium,1
209,0.34650717160836775,0.3150054080038456,0.3633137161474766,0.30169467583456244,0.36128115626808854,Harghita,1
210,0.6528238562276771,0.6090104554741017,0.5847758618469345,0.5166222813103721,0.6516503832593709,Zăganu Brună,2
211,0.25526390384942443,0.3150054080038456,0.16464914427002175,0.1512453520014957,0.21004718387679566,Asbeer,1
212,0.4181983105618232,0.5775099146737169,0.441476826394344,0.5273686615841625,0.4066513479854764,Albrau Premium Pils,2
213,0.22026317944453888,0.3564876016504427,0.22918195905717315,0.29851056316084656,0.25205662065215473,Zimbru,1
214,0.22267702250694477,0.41300709049393103,0.23955545825660302,0.31602318286628306,0.22517058111592497,Servus,1
215,0.40190486989058316,0.42000721067179425,0.3763409011886211,0.43781549263590847,0.3839662521267825,Suceava Clasic,1
216,0.7892682819778019,0.76210985807382,0.7745105084945727,0.7093638113822273,0.7418053448655354,Sikaru Stout / Neagră,0
217,0.35144266043305383,0.3992786994655002,0.3817161959871516,0.3873874945873771,0.35430677404616007,Lav Pivo,1
218,0.4056387833777424,0.43841898509794486,0.4387628295107722,0.4676665489519931,0.435322788584659,Jelen Pivo,2
219,0.30572101044423194,0.37823229993293295,0.2912439666456606,0.38581687840789003,0.30761748864537175,BIP Svetlo Pivo,1
220,0.35062845366050477,0.3397117145139512,0.338983532320633,0.2797804886095778,0.34126489521629977,Apatinsko Svetlo Pivo,1
221,0.44511790819256725,0.47935605565802575,0.4641328003789433,0.5079005813780203,0.4697750929835812,Jagodinsko Pivo,2
222,0.2857817768526991,0.32500557968650734,0.27398444729391386,0.3326260560935149,0.27846255233952344,Merak Svetlo Pivo,1
223,0.8262607864810279,0.6832919855143572,0.8063624710977408,0.7378471287300589,0.8082401574754764,Kabinet SuperNova,0
224,0.31681690194077505,0.36945078716500424,0.3437729385857597,0.37811338000373906,0.29196558558874586,Valjevsko Pivo,1
225,0.7169819239097541,0.6295562627493886,0.7455854642054789,0.7332246473483309,0.7452583199368907,Blue Monkey BG Sips,0
226,0.7800842033651505,0.8013295466764495,0.8071521959703325,0.7979134983015194,0.7897774113767516,Master Tmavý 18°,0
227,0.8714522055981322,0.662890168358261,0.8618996163585555,0.7471809853662407,0.8608115499241772,Salto Pale Ale,0
228,0.4709376053660995,0.5065876444506289,0.4916143477698018,0.4849487394507789,0.513510089004061,Eichhof Lager,2
229,0.3332749228208154,0.34470288754629574,0.30676389017341715,0.3238387321563124,0.3165983916979338,Tell Lager,1
230,0.4415758558727325,0.5059869476390274,0.43404283493064727,0.43392187659468007,0.43114467612276197,Calanda Lager,2
231,0.5159589545892622,0.5444537916115851,0.5427993767143573,0.49751760526807776,0.529318903369525,Haldenkrone,2
232,0.5410257863911697,0.47116193504848713,0.5441911699879842,0.5342573668878743,0.5241485111510191,Ziegelhof Zwickel-Bier,2
233,0.6114722274896337,0.5008706678988352,0.6357615688183105,0.5922175080639328,0.6011695262680702,Warteck Lager,2
234,0.38561142921934344,0.42943044937276387,0.40640363589895484,0.4309267873321967,0.4086871899215131,Ambar Especial,2
235,0.6912905444210824,0.6315325812637486,0.7048525239653105,0.648070758862244,0.6801875763105973,La Sagra Criolla,0
236,0.49063806705963275,0.5754603299369551,0.5407210908125233,0.5556061472885668,0.5416378868563535,Alhambra Reserva 1925,2
237,0.2956675760435271,0.3516415509907932,0.31637932518148376,0.33347628644697713,0.3111053990728465,Cruzcampo Premium Lager,1
238,0.4232469823191086,0.4520500143028584,0.4566140484491951,0.46354626230554774,0.4479744333994352,Moritz,2
239,0.3075298758727524,0.3772792043913302,0.3131082984726759,0.3377950701742223,0.32985591525171587,Tropical Pilsen (Las Palmas),1
240,0.401500900287164,0.4295528290961531,0.405678983202769,0.4215330982816805,0.41065092411483306,Corgoň Svetlé Pivo Výčapné 10%,2
241,0.427383874430173,0.4498399376042985,0.43666813392949194,0.4510381081853152,0.45567551487473434,Kelt 10%,2
242,0.38490301875537647,0.34239718261287566,0.34731293452085327,0.3521559397288828,0.37114424142404245,Gemer Standard,1
243,0.5372112685082707,0.49457370821859825,0.5479127041761593,0.552028229845276,0.5563510626858432,Topvar 12% Premium,2
244,0.5866663386342655,0.6504828655844613,0.5450183678770262,0.5020234250893737,0.5296359557225467,Steiger 11% Tmavý,2
245,0.4945547027691348,0.46401600910903096,0.5441575878446525,0.5439347973949654,0.5319768730957944,Zipfer Urtyp,2
246,0.5541467061624807,0.5086024816728757,0.557500193167038,0.5665481729990237,0.5455975601199767,Zillertal Märzen,2
247,0.4896949009699503,0.4832172510838427,0.5255702223688967,0.5164084229964657,0.5206411331460777,Ottakringer Helles,2
248,0.4269947693291183,0.45414890110983874,0.44866975065019093,0.4499024234142006,0.4457123923883809,Schwechater Bier,2
249,0.5325677521767196,0.5444287015751051,0.5597720712034471,0.5716252599160093,0.5638371089676524,Stiegl Bier / Goldbräu,2
250,0.5920501496021591,0.5445524960698177,0.5909257512318402,0.5787367229605721,0.6038696602053908,Wieselburger Stammbräu,2
251,0.4404871731250777,0.44470460437291337,0.45726735371694355,0.48821337992280467,0.45653891809896785,Kaiser Fasstyp,2
252,0.3473275406491574,0.38060093974046627,0.37110269741333585,0.4014932283072461,0.3633963167211135,Viking Gylltur,1
253,0.2829913379741661,0.2978121303740062,0.2894930009143239,0.33412234964319354,0.2976036942085968,Viking Thule,1
254,0.4444267760325993,0.4951304516049607,0.4430655074969225,0.49023685982513043,0.4516526763555685,Boli Premium,2
255,0.3569039385128733,0.4277851219805312,0.35411197433269975,0.38379929549251723,0.351078864479787,Korça Bjonde,1
256,0.2652906365701875,0.29615893060190623,0.2247746136906889,0.2793752706505359,0.24349315854025466,Kaon Lager Beer,1
257,0.3055020125857474,0.40834034370868877,0.2894930009143239,0.3034857392135275,0.2888148778305941,Norga Premium Läger,1
258,0.21271991987452044,0.38889556543684634,0.23973639138217456,0.24875880263403893,0.24785567697461885,Stela,1
259,0.4039730775299665,0.450239927848634,0.42695736319059147,0.4605503528642577,0.4338547343505975,Lvivske 1715,2
260,0.36598523931989535,0.39276242475226963,0.39327254083726776,0.4093213025160095,0.3982303654318703,Obolon Premium,1
261,0.7138078770257461,0.766679829004069,0.688838256639887,0.7363260557967551,0.6943559764155787,Varvar Milk Stout,0
262,0.3549781978374441,0.3789633405641788,0.363298096021528,0.37725435680039865,0.3717986267701209,Viru,1
263,0.7473009366389276,0.745877945160364,0.7742832839340172,0.746352364788417,0.7699592190659336,Saku Porter,0
264,0.3293374450522881,0.3526531131621017,0.37894086458968995,0.39567282489555367,0.3868257179913236,Peroni,1
265,0.3505369996827813,0.3740522232446004,0.3928734928916004,0.3967987740336548,0.3967807337568844,Forst Premium,1
266,0.4368054685182168,0.4512409307479105,0.4593916399038402,0.4557528986733762,0.45826078878806553,Menabrea 1846 / Birra Bionda,2
267,0.35032695836175776,0.38245689713491193,0.3588706695937089,0.37139195010475323,0.35702457095243956,Ichnusa (Anima Sarda),1
268,0.34845095049546293,0.35184814578207313,0.36891312024410866,0.37937026658546913,0.37401664867998696,Castello Birra Bionda (Premium Lager),1
269,0.36783676666889986,0.3022779167713673,0.29936208049094865,0.3238387321563124,0.3544068847957571,Axt,1
270,0.22675038267475478,0.2712546568922004,0.22978506947574456,0.21393257026527346,0.18736208801810172,Prinz Bräu Lager,1
271,0.33957961081947685,0.3732581563371131,0.3601707938823055,0.3804513648340899,0.3630790426531598,Sagres,1
272,0.32736558618987177,0.35138398530612713,0.3553127678544901,0.36589090025227133,0.34520510408476224,Coral,1
273,0.20067029744449094,0.22500386285988971,0.267640038994655,0.26336126741203714,0.27977193738187234,Cintra Pilsen,1
274,0.4234826696984414,0.4067637400650259,0.47580521940817094,0.44749691630598987,0.5002529146817092,Tagus,2
275,0.3239291181067926,0.3500060088931618,0.32632581576279823,0.28429577443890186,0.3342750897696434,Cerveja Zarco,1
276,0.30157157733610607,0.3960594311159462,0.28806458150191766,0.2869891028283228,0.33541218730642,Marina,1
277,0.2701765444637796,0.28178449868517264,0.2968529924629933,0.2951375624471647,0.2933540330753892,Cergal,1
278,0.6492689237175883,0.657587047011395,0.6546489452494371,0.6169218305324166,0.6820804916435583,Sovina IPA,0
279,0.8272054494629468,0.7134737873591376,0.8260293078973622,0.7730658174165518,0.8304942500974845,Oitava Colina Urraca Vendaval,0
280,0.3623350854032864,0.38834000034336524,0.38874774408494933,0.37129028141720555,0.3958489213860984,Bosman Full,1
281,0.41684052383921977,0.4494984577174218,0.45670536446327464,0.47264172500467394,0.46133363152140217,Tyskie Gronie,2
282,0.3889054100048648,0.4504589970050984,0.4066749602194452,0.4397552724687227,0.40632376537379844,EB Premium,2
283,0.3619710294434346,0.4009636225007355,0.3817056737305235,0.3981796474774465,0.3997816517354227,Lech Premium,1
284,0.8212964534364067,0.8099896732462913,0.826241786838166,0.8003683866332018,0.8484548896255005,Okocim Porter,0
285,0.3633695895728889,0.4483410304393358,0.3877138405102553,0.4179147884251855,0.3932083282173615,Harnaś Jasne Pełne,1
286,0.3194792288478404,0.43236036392684696,0.30066828219961944,0.3587979906227432,0.31568856165012515,Wojak Jasny Pełny 5%,1
287,0.5410257863911697,0.5250090133397428,0.6444002856890962,0.6720314729621112,0.660840755427765,Krakus,2
288,0.40151693082698237,0.4250072965131251,0.4329471219031185,0.4804598588017437,0.4296965247308163,Piast Wroclawski (Jasne Pelne),2
289,0.4756830338288941,0.47912807584438444,0.5273489075644355,0.5136170513711347,0.5300741291991945,Leżajsk Pełne,2
290,0.45586966984426414,0.5547967587774586,0.42808007582011726,0.42638317319570584,0.4385070145104508,Licorne Black,2
291,0.31712374639786056,0.40043060339471903,0.32169296393975194,0.36192297657806605,0.33821156725924717,Kellegen Pur Malt,1
292,0.39486762508705175,0.46168107787852875,0.40555068865928096,0.42387725622372896,0.41232997768810664,Fischer Tradition,2
293,0.5554437889166463,0.5510678548777738,0.5891024087036647,0.5526004303535249,0.5872489967680714,Pietra,2
294,0.40629156545591705,0.43750751111645225,0.4408505194212122,0.4515929032433321,0.43689814246373493,Serena,2
295,0.6338989226279441,0.6494881378414951,0.6653645358357725,0.6229170217590777,0.660268821351293,Pelforth Brune,0
296,0.32104440443370086,0.3808250019182773,0.3524897323002571,0.37959551158188454,0.3572333889697956,Mythos,1
297,0.37921043466992765,0.3937567600048071,0.3881177090941202,0.4066317998771414,0.3879496469353031,Alfa [Αλφα],1
298,0.3792793811859706,0.4072344795415699,0.3962521200311289,0.4081059105203739,0.4053612003537024,Vergina (ΒΕΡΓΙΝΑ),1
299,0.425439839749041,0.43611859838274947,0.4600870907388363,0.4179147884251855,0.45970326528464434,ZEOS Makedoniki Syntaghy (Blue Mak),2
300,0.354012029129666,0.34682413608504215,0.3763409011886211,0.40199422505660687,0.3759462687423957,Marathon,1
301,0.6973387658351402,0.5976517699024747,0.7001770576359414,0.6709916683879661,0.726525466948947,Delphi,0
302,0.5668759566868868,0.48125826222809753,0.5473227048536438,0.504980369347099,0.5834060532177999,Patra Dioni (ΔΙΩΝΗ) West Pils,2
303,0.7149407964150236,0.6612945389264607,0.7198896748400445,0.6930023988424375,0.7146065430937638,Voreia India Pale Ale Beer,0
304,0.47522535291116264,0.4666746785242156,0.493042767182208,0.5870707742163318,0.5314193752082931,Neda Beer,2
305,0.3616000429669899,0.28553121778126367,0.36948448800907124,0.3529756483691415,0.36128115626808854,Spartan,1
306,0.3240277466822843,0.3529721615109005,0.36309291640101643,0.4013870849281441,0.3657669096864742,Aris,1
307,0.3394466806508304,0.40834034370868877,0.3709129074214776,0.37214316874052233,0.38522653523004324,Zorbas,1
308,0.3648313889429794,0.41341289456221286,0.37445290335657105,0.4248367724984805,0.38977451338528846,Hillas,1
309,0.26341062418504446,0.43750751111645225,0.31120497598289826,0.42886017574108315,0.32725351248004764,Edelsteiner Premium Pils,1
310,0.31977262813963947,0.339291539233167,0.31718684666505653,0.3098823941384028,0.3443059144690659,Ermis (ΕΡΜΗΣ) Gold,1
311,0.39828410529697456,0.40834034370868877,0.3799595637000501,0.4577161968466317,0.39068776201084,Thessaliki Zita (Ζητα),1
312,0.2987130789727308,0.3500060088931618,0.2555680398696765,0.3631878518456968,0.2415542614583151,Zythia,1
313,0.28593390981881717,0.27794594823868746,0.29587887593449286,0.3429944902201102,0.30790446012998507,Thessaliki Thita (Θητα),1
314,0.4095989946520019,0.4763970676601369,0.4070995325357681,0.4328403165832275,0.41589342407605534,Magnus Magister Premium Lager,2
315,0.7802306142569333,0.6829385539378768,0.7568300252561975,0.6868169867847124,0.7674919174776283,Septem Friday's Pale Ale,0
316,0.6309714769744852,0.6485405458902705,0.6311373144933607,0.6801358321429488,0.7126777391772692,Lyra Golden Ale,0
317,0.5233650639852805,0.39773410101495643,0.46220189350525603,0.48666267569859234,0.515952264395547,Piraiki (Πειραικη) Fresh Pils,2
318,0.8325172304876367,0.6950119319449929,0.804376981111943,0.7295029572102215,0.7912177349233355,Wind River Wyoming Pale Ale (WPA),0
319,0.4170344933710203,0.4514783392025238,0.4368242603082209,0.4453409690181147,0.44071076361645667,Ožujsko Pivo,2
320,0.39229863939711607,0.42278141682263026,0.41502640725542933,0.4294533074789596,0.4125135117361487,Karlovačko Pivo,2
321,0.3432306764351347,0.37200092202032775,0.3517814539799062,0.3565814705298418,0.33194341845447706,Pan Lager,1
322,0.6945601311778532,0.6596267090678819,0.7023336807038016,0.6513653570509758,0.7008305077427701,Velebitsko Tamno,0
323,0.7261040374515433,0.7402070541433122,0.7661207221635036,0.751093362808246,0.7679562551718832,Tomislav Crno Pivo,0
324,0.4783587068864009,0.4442383959028592,0.5107881314209466,0.49751760526807776,0.48827891513513577,Staročeško Svijetlo Pivo,2
325,0.8227079141651557,0.7125122323896508,0.815676070178242,0.7576482388796729,0.809967661092256,Zmajska Pivovara Pale Ale,0
326,0.47975130865317384,0.41611825501742583,0.5102314141114959,0.48955732358378856,0.5024328638332952,Vukovarsko 100% Domaće Svijetlo Pivo,2
327,0.4352095239498577,0.44483142539945897,0.45926725530515816,0.4535957867237065,0.4475578057159847,Laško Zlatorog,2
328,0.39655664127330614,0.40611384237985193,0.4239497930851704,0.44054994054272534,0.4262194077719833,Union Lager (Svetlo Pivo),2
329,0.25216039134061696,0.20000343365323558,0.24684447845819585,0.20753591534039806,0.23705325037524083,Viktor Pilsener Export,1
330,0.32795771607495616,0.45770016547567305,0.4001405661676353,0.3827058502062137,0.39036461249718335,Mostarsko Pivo,1
331,0.34526576660484476,0.35833948529538007,0.38642146104188774,0.39090668985348975,0.3828860094668447,Preminger,1
332,0.7801769114201791,0.610145610097539,0.8190891495464403,0.7524617619135577,0.7965897524754585,Kastel 2460,0
333,0.3896157493843091,0.3633536956729857,0.3906928847085262,0.37406577914732086,0.3747384165232459,Nektar Pivo,1
334,0.3671699786846925,0.395585569536805,0.3819957885859026,0.40383711985168336,0.39507781569315215,Cisk Lager,1
335,0.4357076796413645,0.48582923622483654,0.4373450699447274,0.45652809510270786,0.4532630126105539,Farsons Hopleaf Pale Ale,2
336,0.5919950110550485,0.618343949044586,0.658596577080087,0.6169218305324166,0.5830909824419849,Kellers Brună,2
337,0.4302040036879998,0.4329021688941739,0.4809012021767552,0.5038020381767272,0.4329183010850167,Gotter Blondă,2
338,0.39491182454802487,0.40986542435746076,0.4250154596756864,0.4397665420683322,0.40988030861605307,Nikšićko Pivo,2
339,0.3514349439089377,0.4037874200157697,0.36839749567572816,0.3967520883376847,0.3793554602855844,Soproni Klasszikus Világos Sör,1
340,0.3357911010130522,0.3651504996625775,0.34064140372010004,0.3344849130802309,0.355100921819406,Borsodi Sör,1
341,0.4320416097787413,0.4355337930211902,0.458250551494314,0.45532212716714626,0.4647570321147626,Dreher Classic,2
342,0.0,0.0,0.0,0.0,0.0,Bernstein Sör,1
343,0.141813279916347,0.12315026238833482,0.14474650045716198,0.11277065719409762,0.14283208503622102,Riesenbrau,1
344,0.642472729213007,0.6032456506217437,0.6292215519873099,0.621136097306452,0.6219373557424933,Alivaria Porter,0
345,0.6713150168034097,0.6186152715320999,0.6277958682618769,0.6002607758443693,0.6356125480476429,Krinitsa Kult Weißbier,0
346,0.372193301607734,0.3963303335996097,0.4108246262975334,0.34826232368765453,0.3935295768515258,Lidskoe Premium,1
347,0.23836700241258313,0.40834034370868877,0.3075863134714692,0.36484624386325704,0.28846479919079937,Rechitskoe Zolotistoe,1
348,0.2943681614604001,0.4410075712053838,0.33074575354461505,0.40199422505660687,0.3189356439985266,Bobrov Svetloe,1
349,0.38966529962558494,0.4295528290961531,0.38818379668057074,0.4026797995557322,0.3996323550084643,Skopsko Svetlo Pivo,1
350,0.25991917261263586,0.32500557968650734,0.23909020164799072,0.361055633537405,0.23705325037524083,Bitolsko Pivo,1
351,0.2715573445206644,0.28750493587652604,0.21001166360972162,0.22032922519014875,0.21814900382632924,Gorsko Svetlo Pivo,1
352,0.31229094619876396,0.362506223496489,0.27980015490156745,0.3098823941384028,0.269460530173375,Starogradsko Premium Pils,1
353,0.2389704631781846,0.28000480711452935,0.327488957284329,0.3303516898980038,0.31591096455070067,Kenbach Premium Pilsner,1
354,0.3624385358202469,0.3943401033529622,0.38792062122519405,0.40358628139346475,0.37875708196663815,Ringnes Pilsner,1
355,0.4268542009184193,0.42110097944958536,0.4599659301636769,0.47886069507052476,0.4656483507568714,Hansa Export,2
356,0.3237799107746383,0.4442383959028592,0.33263859239674715,0.3934216140119877,0.32896620490242756,Mack Arctic Beer,1
357,0.3605157849670888,0.42443257400262735,0.3905659883025147,0.42340463786262617,0.3969167474637382,Dahls Pils,1
358,0.9028581815248891,0.828107000422481,0.922945469409842,0.8815806803451259,0.9043722255082985,Borg Garún Icelandic Stout Nr. 19,0
359,0.36515796114268073,0.3946876270497357,0.3680256766942735,0.4187616269022374,0.3661077724082362,Nordlands Pils,1
360,0.6944109238456987,0.5750098717530517,0.6616982878041691,0.6510373234650849,0.710559616314646,Arctic Fox Ice Cap Lager,0
361,0.2424619147505933,0.32500557968650734,0.2478137630594715,0.27150246458915106,0.2613587102238415,Seidel Pils,1
362,0.7484385348984162,0.7469640433695529,0.7886036473077698,0.7916597211631561,0.777174580344144,Aass Bock,0
363,0.4933988059675455,0.5788560916309985,0.48281308662105277,0.4736367602152102,0.49564672404650656,Frydenlund Bayerøl,2
364,0.3071992459890015,0.3828190722268957,0.31069610156722854,0.3202769583913251,0.2986608395748188,Pokal Classic (Unibrew),1
365,0.7735004361669247,0.6943667595783695,0.7640047141065527,0.744029554200906,0.7588801482000361,Geiranger Vikingstøa Pale Ale,0
366,0.2813334089234083,0.3780064896046148,0.24932584703746147,0.3590087039614449,0.24029397835505428,Hverdagsprodukter Kompils,1
367,0.3522297458929007,0.43281230855812947,0.38905035000925,0.4107311195881438,0.38968363400986794,Karhu III,1
368,0.3269190351991865,0.3819126340132567,0.350970278387497,0.3715164614808475,0.3408102594526926,Olvi Sandels III,1
369,0.7664201087091478,0.692780488676961,0.7515453629108433,0.6761305372750636,0.7281172793825057,Nokian Keisari 66,0
370,0.2673947866849462,0.35894776824444696,0.2736448439299631,0.34237926879324365,0.2668979107246173,Hartwall Karjala III,1
371,0.31432762628266897,0.4112570604494651,0.33359545027236553,0.3751282743721307,0.31496575222325507,Hartwall Urho III,1
372,0.3547765307447389,0.37823229993293295,0.4015548077198687,0.35885463399336204,0.3417670953143733,Hartwall Aura,1
373,0.8216709341939692,0.6936974763887668,0.8209607411560365,0.7683313120531757,0.8124495146261338,Malmgård Arctic Circle Ale,0
374,0.31513282538560805,0.3622155208312954,0.31347715942030724,0.3503449555236604,0.32435193045161004,TT Green Lager,1
375,0.3307047661354392,0.352403310323937,0.3571570328061137,0.35194259090470625,0.35558398607526587,Crocodile Original Export Lager,1
376,0.30033917085608797,0.39506666273270064,0.3067195679597498,0.35523352845608136,0.31147356057035736,Falcon Export,1
377,0.7434799729714408,0.6164520246721904,0.7384027557105222,0.6491932427660215,0.7277851073785189,Stockholm Saison d'etre,0
378,0.2750993968404991,0.3515277741492191,0.2191650816704636,0.28674319023624517,0.2481844464798173,Arboga 10.2%,1
379,0.26635731026388565,0.29663629831725435,0.2744794011328631,0.3044384325002111,0.2776198098388627,Sofiero Original,1
380,0.48110234021795306,0.45883872310123464,0.5211954214222436,0.5010819104998492,0.5117627208365391,Spendrups Old Gold,2
381,0.2611572760071069,0.3946876270497357,0.27794407800550786,0.32349229823388226,0.2808375539322945,Blågul,1
382,0.4233948896463382,0.4552403736932653,0.46225107496493995,0.47530286568401503,0.45699568032304305,Mariestads Export,2
383,0.23664282879657894,0.2750047212731985,0.24684447845819585,0.2501802815062335,0.23885365480847048,Tingsryd Pilsner 2.8%,1
384,0.4388366687453935,0.4783415454873211,0.4447336226546302,0.464084422194063,0.44597218080721246,Åbro Bryggmästarens Premium Gold,2
385,0.24797473302281714,0.3500060088931618,0.2602104029599968,0.3246957002802192,0.27969440800436474,Sarek,1
386,0.43602886827751963,0.4633727350440916,0.4697433599741861,0.46822977642965513,0.47161537511959783,Eriksberg,2
387,0.3246881293181857,0.43370309797630924,0.3366929467155724,0.43002826055345156,0.3251165106962576,TILL Export,1
388,0.25119054368161453,0.33542242518928,0.2623530320786061,0.3034857392135275,0.26360921576537844,Åbro Kung 5.2%,1
389,0.4776214471275215,0.4853024493056445,0.45324508178865536,0.42577473042437863,0.4403930451870631,IKEA Öl Mörk Lager,2
390,0.33867559189478413,0.3682985040081542,0.4077026429543394,0.4223371671386793,0.41331062166690347,Moosehead Lager,1
391,0.20916134398576358,0.31037428523986466,0.22609734851944102,0.25141729365455545,0.2314046532602988,Carling Original Lager,1
392,0.2878507851919042,0.33833914193005643,0.2569250383114626,0.3303516898980038,0.24029397835505428,Iceberg Extra Strong Beer,1
393,0.9819438145271522,0.8041226014501462,0.9625265336389663,0.9150177956888733,0.9635914560348001,Alpine Beer Company Pure Hoppiness,0
394,0.5096922466387854,0.5519325524853705,0.6193480067638182,0.5755895987101455,0.6550240641819459,Yellowhead Premium Lager,2
395,0.298992315316711,0.3396587875505619,0.35130794278693595,0.38486631819349615,0.3688622937015853,Kokanee,1
396,0.8741952090781389,0.7819157808101443,0.8514822545832292,0.7688908445052113,0.852918867863352,Yukon Midnight Sun Espresso Stout,0
397,0.1645125571199602,0.22610239341326488,0.23765585278373597,0.2622633556331654,0.24078165700450876,Corona Extra,1
398,0.1964641032852435,0.24489010483682117,0.22871008782503893,0.2630882828053298,0.23371215755171681,Sol (Mexico),1
399,0.21467012844628142,0.2572085711242882,0.27360618988853797,0.29462749892460793,0.2766475104718773,Tecate,1
400,0.4260641095065594,0.4801806575209143,0.4175722627104704,0.4369331954048912,0.4354081525879586,Indio,2
401,0.2835630376468411,0.3205318186705799,0.31291907927778567,0.3435489990061674,0.3143190279992134,Montejo,1
402,0.30722676869283816,0.31284320872110805,0.36502384854670017,0.37903542035327076,0.36834652717903305,Pacifico Clara,1
403,0.35205662070827504,0.4047594241457557,0.39584943324281036,0.4122795395100697,0.3963195221488436,Estrella Damm (5.4%),1
404,0.7585895384979426,0.6733811258053223,0.7703424487645429,0.6870069192745284,0.7632018763732092,Minerva Stout,0
405,0.2077046716198595,0.22703092468745634,0.20954011974964165,0.2538684429043597,0.2355934629969465,Barrilito (Mexico),1
406,0.5904432548006444,0.5550095283877282,0.5857063750641591,0.46340211233540984,0.5946135708146545,Bocanegra Pilsner,2
407,0.4523747958722285,0.458849340927011,0.4927117919525042,0.4443681635345611,0.46963476453624053,Cristal Alken Hoppige Pils,2
408,0.3447180879268198,0.3678494524837935,0.3613340948912243,0.37811338000373906,0.3506058170404679,Bucanero Fuerte,1
409,0.35929125582734056,0.3903913176116036,0.3562990780483986,0.4929251350656032,0.34383108253063155,Cacique,1
410,0.22267702250694477,0.17937807955774554,0.22774957181306582,0.19602193647562272,0.22422536878847937,Mayabe Cerveza Clara,1
411,0.370799210427307,0.34046039046880283,0.40298741604550775,0.4345590137650628,0.4018393579548444,Hatuey Lager Beer (USA),1
412,0.1972086346616087,0.2480625111572895,0.2259907437356054,0.2621869477082647,0.2272996030573557,Skol Pilsen,1
413,0.2750993968404991,0.3119618774917312,0.2446530524031379,0.21198576224465926,0.21662257398076495,Samba do Brasil,1
414,0.615147919714505,0.7270011174980527,0.6628438059693127,0.6433807213580368,0.677988663386218,Xingu,0
415,0.6471012819431441,0.6744018220136535,0.651579902210365,0.6475009613927959,0.6665155761553933,Caracu Cerveja Escura,0
416,0.32340011029279103,0.40834034370868877,0.35364201816238433,0.3618309856495112,0.36930113965247524,Devassa Tropical Lager,1
417,0.2103082792236679,0.26953017473159546,0.21896870233391846,0.2404063172901223,0.21832641594201252,Antarctica Pilsen,1
418,0.21724587561653141,0.2741713736329767,0.2270710725921728,0.27363468289744275,0.23525284594201107,Itaipava Pilsen,1
419,0.30210754577923904,0.3937567600048071,0.33359545027236553,0.34826232368765453,0.3045684166213537,Arequipeña Rubia (Blond),1
420,0.3567276025748727,0.4136434650555548,0.3437729385857597,0.4215330982816805,0.33206550251067957,Franca Especial,1
421,0.35302454787686366,0.42206606954763637,0.4108246262975334,0.36406582409028765,0.35683309825657994,Pilsen Trujillo,1
422,0.2715573445206644,0.3119618774917312,0.23403306459785705,0.2820708509867712,0.24128028687064962,Biela,1
423,0.2667651560879467,0.27794594823868746,0.28869476653680287,0.2745126551420336,0.29900834410696786,Poker Cerveza,1
424,0.9833234370011426,0.7598814666759434,0.9822764159313326,0.9280012595105617,0.950297680318387,Cloudwater DDH IPA Citra BBC,0
425,0.2826002135177963,0.31554250162363073,0.28671653351425036,0.3210070113990554,0.2858575638990295,Polar,1
426,0.23276343816056944,0.300005150479853,0.3205101081551443,0.33546901383790395,0.29286578780536077,Solera,1
427,0.26197296765522915,0.3397117145139512,0.2527742195483527,0.2587091547394005,0.2589758220033904,Cerveza Zulia,1
428,0.2752451603104511,0.3305612306213196,0.2908332462889274,0.3309413403931364,0.2962443245195696,Paceña Centenario,1
429,0.2918657877641867,0.32108956212214135,0.31608861507425373,0.3490321217015363,0.318092084878407,Quilmes Cristal,1
430,0.2357117750439366,0.32900564835957213,0.2656098283388922,0.31602318286628306,0.27961481117679043,Andes,1
431,0.22371152667654737,0.1916699572510171,0.26623017048370873,0.19616408436284205,0.21964934085402066,Patagonia,1
432,0.8728628931021354,0.7893546368891741,0.8613258326622402,0.8291519319158757,0.8779553587344661,Dieu du Ciel! Corne du Diable,0
433,0.6321779020344697,0.5396945801464487,0.6079606072523283,0.6018919280515908,0.6156292007443539,Antares Barley Wine,2
434,0.1650233093625576,0.22885008273783658,0.20598540449673047,0.2587091547394005,0.2129555294997051,Iguana,1
435,0.2977432313137284,0.28750493587652604,0.335049377174279,0.316279049063278,0.37343388619238893,Isenbeck Premium,1
436,0.3459404432371941,0.29674422493115904,0.3862528898068834,0.34436870764642613,0.37114424142404245,FNC Norteña,1
437,0.5222865043645012,0.5521939460693087,0.5176795350088064,0.49519907662216844,0.529400475091419,Kunstmann Torobayo Pale Ale,2
438,0.3323344644848131,0.40834034370868877,0.3334339028388194,0.326940140604737,0.3624814258902417,Austral Lager,1
439,0.5668759566868868,0.48125826222809753,0.4964352632866727,0.504980369347099,0.5219672519338372,Mestra Amber Ale,2
440,0.2290679841495432,0.2481723640643324,0.24901701290933081,0.28727352759358493,0.24508522704934732,Gallo,1
441,0.29346921300957307,0.3656959334297518,0.33591170623334493,0.325410825404307,0.3393783050941772,Dorada Pilsen,1
442,0.21210830423370808,0.26486941213536574,0.25355088002377874,0.3119569849248488,0.2407027188209767,Bahia,1
443,0.11164024163627312,0.13611344790289626,0.14474650045716198,0.17910633789650798,0.15123397239129283,Baja,1
444,0.30882425669424474,0.34442080662359,0.303929154550344,0.32920845795398335,0.31180834083157516,Suprema,1
445,0.160218833267192,0.21583703881744976,0.20264510064002678,0.22587299279170725,0.16467699215940784,Cantina,1
446,0.24993571708963502,0.2513076319777915,0.24807560771479248,0.28756989165163405,0.2480348641456987,Toña,1
447,0.21515697296637248,0.22885008273783658,0.20598540449673047,0.23115433352455317,0.1751470364018819,Panama Light,1
448,0.2576125079101437,0.27590563764100595,0.28069084885949663,0.3135705555365291,0.27272072198489905,Balboa,1
449,0.7374479137139291,0.6836054861194568,0.7406949828081335,0.6700940245954424,0.7192803252881022,Atlas Three Sisters (Bottle),0
450,0.3666024151028968,0.40834034370868877,0.40483786846612485,0.4036999997032402,0.4076415704237527,Belikin Beer,1
451,0.3134682179235646,0.33685549410815874,0.3145935501265485,0.33532111430206846,0.30052531186811815,Parbo Bier / Djogo Bier,1
452,0.23880959705025995,0.2771909365211711,0.26752072713195146,0.2940757094721381,0.26891964703617055,Carib Premium Lager,1
453,0.3674405550551211,0.37521220294925384,0.37660895026354185,0.3972770210955465,0.3790184740176845,Banks Caribbean Lager / Beer,1
454,0.25957089814157264,0.29021695251116286,0.2995097475170328,0.3355328208695736,0.296035577156633,Kalik,1
455,0.2726582526741266,0.335816576100196,0.3250683654692514,0.38456766245046026,0.31580877943422003,Piton,1
456,0.30136241891927384,0.4054947664006143,0.3119993165341876,0.3286043109916964,0.3280834550114633,Wadadli Antigua Lager Beer,1
457,0.28083841832073775,0.3446894619226327,0.3198622824975829,0.3512096431720274,0.3191653664882348,Presidente,1
458,0.3176789887487772,0.3898215072593154,0.3222332807796345,0.3515791077227751,0.3020678549085347,Chinggis Mongolian Lager,1
459,0.14565348478835627,0.23864046060897393,0.22534398366626357,0.2587091547394005,0.2237957268214587,Sengur Сэнгүр,1
460,0.30414422586314416,0.21000360533589713,0.327488957284329,0.3303516898980038,0.35371945764852397,Niislel Нийслэл,1
461,0.3103740708256769,0.3497486515336815,0.3511965182967061,0.3677533075175684,0.3468805684558294,Kingfisher Premium Lager Beer,1
462,0.2652906365701875,0.4307766263300453,0.2999314504665232,0.3964832608136374,0.3292893544160843,Godfather Premium Beer,1
463,0.8742020421828933,0.886432774598933,0.8957477496040076,0.876976584488912,0.9081363832452635,Lion Stout,0
464,0.4073360167809965,0.49430673185788676,0.39233919860757044,0.45981100781618156,0.35995454247518255,Murree Beer,2
465,0.3479328476671012,0.3937567600048071,0.35395042689915385,0.3874418351025156,0.3707332795425443,Gorkha Beer,1
466,0.33222441084974896,0.36117641343230533,0.3541669692036942,0.38065389543489536,0.3725432605950998,Everest Premium Lager Special Limited Edition,1
467,0.33356969334403985,0.4675453402378804,0.3073162640303177,0.3656383116925396,0.3104936282262364,Godawari Premium Lager,1
468,0.5790303378327714,0.4685564312602005,0.5696475179281857,0.5129246020763796,0.5978891453318854,Hunter Kölsch,2
469,0.27816279344143724,0.2790588449283318,0.25135034201007184,0.3458419677701342,0.2917952770612784,Druk 11000 Strong,1
470,0.21899785848440667,0.25403661935794,0.2492207890935812,0.2529315309362873,0.2234631007824749,Anker Bir Pilsener,1
471,0.9051911484022144,0.7000120177863237,0.9137122841358349,0.7562267600074782,0.8884995877988456,Storm Imperial Flanders Red Ale,0
472,0.4863345170051898,0.4613715571773498,0.47700551287019294,0.4215330982816805,0.43689814246373493,Batavia Lager Beer,2
473,0.34895118770905376,0.3937567600048071,0.3437729385857597,0.42886017574108315,0.36128115626808854,Prost,1
474,0.3061122538093892,0.34754810152733917,0.3266198683946459,0.34474056985261103,0.33855357895647575,Saigon Export,1
475,0.30414422586314416,0.36000618057582356,0.3042261268537136,0.2894130983788019,0.32347266317026535,Bia Larue Original,1
476,0.28156208879247835,0.2978121303740062,0.28377932326469907,0.30270018509994645,0.2591318942143206,Huda Beer,1
477,0.25553100943419893,0.2954968763606204,0.258348774381533,0.32036871368737885,0.2745075655517729,Halida Lager Beer,1
478,0.29307698314305664,0.36156281107359645,0.32380201812174086,0.34488295882168263,0.30991867507859294,Cambrew Angkor Premium Beer / Draft,1
479,0.30905812066875604,0.3805620890346284,0.3127558313449392,0.35536971804862705,0.34207684231363866,Cambodia,1
480,0.20366800839049826,0.2916716740776347,0.2623530320786061,0.37811338000373906,0.29196558558874586,Manila Beer,1
481,0.36555796377781735,0.32756972627180536,0.42310515518247344,0.3964832608136374,0.4446537307914934,Singha Draft,1
482,0.3134682179235646,0.3235026637110785,0.3388783314893759,0.36223882982408717,0.3389894435745743,Chang Beer,1
483,0.22748492303288448,0.26393895752599084,0.2316537230677121,0.26751766316054026,0.2453764315255813,ThaiBev Archa,1
484,0.322756100780094,0.35623141221339594,0.3366929467155724,0.3889683095732247,0.3307952566951402,Phuket Lager Beer,1
485,0.27064198268520145,0.3362417276445545,0.2980314180761228,0.3311566622031564,0.3060552674735152,Cheers Lager Beer,1
486,0.8027913997392142,0.6817825381564714,0.8119374010018929,0.7885654043499032,0.8055309501675113,Brewerkz XIPA,0
487,0.15388249522837644,0.2722268958057925,0.13569984417858938,0.19900704210723108,0.12602831032607742,Dester,1
488,0.7059685149393296,0.7185336018375447,0.7558387364376582,0.735853635518756,0.7735221278292536,Anchor Steam Beer,0
489,0.3204376665343839,0.385006609782478,0.327488957284329,0.43781549263590847,0.3461577590289593,Harry's Premium Lager (HPL),1
490,0.2772147891981782,0.3475754116091816,0.2917546649839671,0.3034857392135275,0.27411157495921834,Myanmar Lager Beer,1
491,0.24933901633261013,0.2704591886901706,0.2352130632428882,0.24785422516991507,0.24670996506256354,Mandalay Lager,1
492,0.24440161006859784,0.3645895925970435,0.2623530320786061,0.3631878518456968,0.29196558558874586,Dagon Lager Beer,1
493,0.2579794772946311,0.3208388414853983,0.27592301649646495,0.288560211055485,0.3108698321376575,Yoma Premium Beer,1
494,0.35393625119180105,0.3744868448469202,0.3665522889274894,0.3967255494094514,0.36835324850221374,Efes Pilsen (Pilsener),1
495,0.351643747819979,0.3885659929237645,0.33273295126275587,0.38317288107426195,0.3503871836805802,Bomonti,1
496,0.3629595726764,0.3926896685142792,0.35767389823332246,0.3984994672439921,0.37972432363288033,Marmara Kirrmizi,1
497,0.3671927571562027,0.3880501402945925,0.35793292232613433,0.3054325472341417,0.3842950216319809,Süral Perge Pilsner,1
498,0.2831955164286929,0.30833862688207114,0.3437729385857597,0.34399788707107093,0.29286578780536077,Vole,1
499,0.33222441084974896,0.450539649745453,0.3541669692036942,0.4187616269022374,0.3532367960345091,Petra Beer 8%,1
500,0.6604746892385204,0.5645749099972305,0.6354686036374753,0.6013473663675027,0.6571737109467051,Philadelphia Walt Wit,0
501,0.8180665003685015,0.561467972599447,0.8051524087929633,0.7736398761918609,0.8260105505954992,Carakale / Arizona Wilderness Dead Sea-rious,0
502,0.1643636558940863,0.13816026666835335,0.13808054319926638,0.12673606365776302,0.15432940457474043,Barada Beer,1
503,0.3189365434015251,0.3395931621794497,0.3340838134351963,0.33571456681006806,0.3380590491830531,Almaza Pilsener,1
504,0.3663253157717533,0.44643623583311454,0.37368229199655084,0.4414707240215515,0.3435343125691104,Beirut Beer,1
505,0.33582904820652393,0.3487949154367842,0.3446181279266644,0.375221236139205,0.34518965228527787,KEO,1
506,0.35033141718740246,0.4179823825211726,0.36395969226521924,0.3948891802474892,0.35815648741702877,Leon,1
507,0.5906372243324448,0.5104254296358609,0.5880326581072206,0.5870707742163318,0.6038856536457877,Prime Golden,2
508,0.39999140532776856,0.4814139588512708,0.39882554440910206,0.4346285471217357,0.41052638215350956,Goldstar,2
509,0.2834322250098731,0.32568355742770505,0.3106529766167481,0.3109232057871961,0.30001858101127676,Maccabee,1
510,0.7800250620197013,0.730184949587458,0.7836276059232563,0.7198565074844326,0.7715250353984923,Negev Porter Alon,0
511,0.32935031784172886,0.4442383959028592,0.35351549150114553,0.39035996721033805,0.3502940728037638,Natakhtari Beer,1
512,0.3568137201259892,0.43547259246009673,0.3361989937943966,0.4003281195878019,0.35952262170539917,Argo Lager Beer,1
513,0.3112464948736846,0.3993658306601462,0.33542217894400034,0.3964832608136374,0.37097564167778674,Kazbegi Lager,1
514,0.3626089247422989,0.5661861908565852,0.46829750147905363,0.5326364950517068,0.4146578524061919,Mtieli Beer,2
515,0.3326577470378138,0.4167834711161993,0.3662705443311574,0.39068224582103794,0.34884415195959406,Kilikia,1
516,0.31339185435222616,0.3736550635481052,0.3041632543390364,0.4136119334607047,0.28362046774283,Gyumri Gold,1
517,0.2769884914110776,0.4316740776348996,0.32206096351718533,0.306470844845136,0.3108698321376575,Ararat Beer,1
518,0.3994361667585773,0.385006609782478,0.39114452055355814,0.39331028140101887,0.3887782421574145,Kotayk Lager,1
519,0.43837114186907244,0.5166755369375245,0.4290699834980159,0.4676665489519931,0.43779834468035006,Erebuni,2
520,0.4092088260535529,0.4767323224579273,0.3606184364837915,0.36987860584757803,0.4264682133333011,Karagandinskoe Svetloe,1
521,0.3995772355089775,0.45000772571977943,0.39029859944699036,0.3738489433871559,0.40989207596528976,Nashe Pivo Klassicheskoe,1
522,0.3221991195799234,0.36419544168612783,0.29096002625679535,0.32647912042997107,0.312232300357399,Arpa,1
523,0.3556525221786766,0.406458590972704,0.3831696675408341,0.4262602450296822,0.35152412579123093,Xirdalan Lager Beer,1
524,0.32795771607495616,0.3185952132232627,0.2936683807352037,0.3046338567641461,0.25658071384334735,Afsana,1
525,0.39062479557972507,0.5250090133397428,0.36882521751103764,0.4515929032433321,0.3554644650222696,Sarbast Original Beer,2
526,0.2049023599565013,0.33409664485256363,0.21054036430132644,0.3238387321563124,0.21692145534912716,Zip 5 Klassiki,1
527,0.4090562895517156,0.4394871831124544,0.4145087849630152,0.40945023550297743,0.40610389469175223,Taybeh Beer Golden,2
528,0.2850282994063351,0.3403601740024056,0.3091534507795684,0.33204403324820697,0.3094805436773701,Kilimanjaro Premium Lager,1
529,0.3006880414783357,0.38076411270498534,0.3013358964062735,0.3650874645203567,0.3044538454301481,Serengeti Premium Lager,1
530,0.32488133217199466,0.42637095628803356,0.3437729385857597,0.3629164786064597,0.3337840703787627,Safari Lager,1
531,0.33109107005019467,0.36346777846597567,0.365693682645378,0.34137361838394265,0.3394685640962676,Ndovu Special Malt,1
532,0.35302454787686366,0.3632586635988254,0.3753923197535863,0.40894981099433536,0.3793411354953983,Kenya Tusker Lager,1
533,0.7158214015773086,0.6521738262594036,0.7412936585912746,0.7179402840865022,0.761868027775129,Summit Extra Pale Ale,0
534,0.3573311841776319,0.3877819878265647,0.3875316548583268,0.40783293386909214,0.38010212419784206,Windhoek Lager,1
535,0.40558403391312126,0.4121038491806581,0.3963019105258588,0.43781549263590847,0.3759167019833749,Tafel Lager,1
536,0.3068061703893251,0.3522053285181638,0.33003241576408565,0.33781177434898935,0.33209327111177966,Castle Lager,1
537,0.7629885389596733,0.5306542715476971,0.7771369570915774,0.7613624256102457,0.8101045582035383,Citizen Cider Unified Press,0
538,0.5283337196560268,0.5471612923836137,0.5540218110852448,0.553441103176692,0.5718601051673572,CBC Pilsner,2
539,0.2987130789727308,0.3166721032842892,0.27398444729391386,0.3013535209052357,0.2640593168736859,Sibebe Premium Lager,1
540,0.2499720171356885,0.34851025671840485,0.24773920270552724,0.29851056316084656,0.24042323816051697,2M,1
541,0.33541001742146925,0.3736550635481052,0.3745804707776557,0.4329747808008677,0.344931537631192,Manica,1
542,0.28498600441454336,0.35192911883213507,0.3205101081551443,0.35318282747602026,0.2964665966718202,Laurentina Clara,1
543,0.24440161006859784,0.33542242518928,0.2386055593473529,0.31467988533205926,0.2273760765466314,Cuca,1
544,0.4073360167809965,0.425840644153347,0.441476826394344,0.4825920771100355,0.4419392748767781,Harar,2
545,0.28241963830149097,0.3616728758562672,0.32206096351718533,0.3303516898980038,0.29574643489852837,Dashen Beer,1
546,0.36783676666889986,0.4613715571773498,0.378314717103946,0.45409788699013653,0.3864868183333041,Walia,1
547,0.40447751841762125,0.3960594311159462,0.4059091830254296,0.41896219390996026,0.3821753235063593,Bedele Special Beer,1
548,0.37088037327000334,0.41952775038563905,0.3727718093965266,0.43045495820180546,0.3633528545200242,Meta Beer Export Lager,1
549,0.2715573445206644,0.29531757000360526,0.2979742411754858,0.33147110450985684,0.28566417007244216,Nile Special (Lager),1
550,0.2942794896744342,0.36548246506870985,0.30500155453473415,0.31962967783345086,0.2969809979384571,Bell Lager,1
551,0.41784791398824817,0.45350240937232267,0.4260683279585817,0.4358896180348708,0.4320196272253062,Primus Světlé (Pale),2
552,0.2769884914110776,0.2683379401514241,0.3003489884486111,0.23482830968653268,0.22012944870288187,Nkoyi,1
553,0.31451277901756947,0.3722791185499994,0.3171264237288732,0.3889683095732247,0.30353727590050394,Mosi Lager,1
554,0.2501186067953487,0.3960594311159462,0.22378570794363856,0.37182894709508973,0.2617851218001327,Brakina Bière du Burkina,1
555,0.3379380287368269,0.38889556543684634,0.3588506990500476,0.4079644363198238,0.3346751796436943,Asmara Lager Beer,1
556,0.48337207324678255,0.4316740776348996,0.5608926892715027,0.49751760526807776,0.6032555120941571,Mamba,2
557,0.3073614020466372,0.364496703528866,0.3074710694424428,0.35225514013757686,0.3150440182121519,Zambezi Lager,1
558,0.3117329516552284,0.3811709274932379,0.3125433854049337,0.3298609876023967,0.3027556806509101,Star Lager (Nigeria),1
559,0.8559959772933985,0.7228384966271822,0.8322923776286815,0.7882409363464676,0.8478600239618134,Trophy Trophy Wife,0
560,0.5222256625397391,0.6057796307766264,0.481560472674789,0.47914772445817955,0.4543482162011918,Virunga Mist,2
561,0.357083412101016,0.3967149958450962,0.37448649762404546,0.40148431377433924,0.36720134735813914,Club Colombia Dorada,1
562,0.4860322268257605,0.5011990807619767,0.554246166291327,0.534069919124508,0.5418360008576933,B.B. Originál Světlý Ležák Budweiser Bier,2
563,0.25526390384942443,0.32900564835957213,0.23955545825660302,0.38766571802488625,0.21912122222027325,Mocaf Export,1
564,0.33656652699682343,0.4118757579399329,0.3240347794325103,0.3600218307212638,0.29788509713436473,Maluti Premium Lager,1
565,0.2276903888673264,0.2557736218834644,0.23103768342200853,0.30004138656167156,0.23040560323716192,Régab,1
566,0.3032390347147419,0.2819492849417138,0.2872313368446808,0.338311971582293,0.29721676518566587,Banjul Jul Brew,1
567,0.27634953295338194,0.3191231257555298,0.29587887593449286,0.30085182247975517,0.3034564021184766,Guiluxe,1
568,0.2088902650158957,0.2557736218834644,0.21851154395936961,0.3551510289913663,0.2391306401058904,Gala,1
569,0.32785581838470457,0.38842130255216756,0.3252383257223426,0.3606395909406652,0.31394369336512284,Strela (Classic),1
570,0.2585572588787176,0.3164947952757313,0.2822749240963139,0.2891953399132743,0.28244642597901026,Sakara Gold,1
571,0.35302454787686366,0.34079532444860494,0.3352024221113225,0.2964157521912969,0.32546258385962445,Luxor Classic Lager,1
572,0.2878507851919042,0.1750030044465809,0.22978506947574456,0.2945304223187021,0.2781024714528775,Sphinx Classic,1
573,0.38965745139944996,0.418127983778408,0.41808909486074547,0.4444268004106118,0.4158370355703167,Casablanca (Casa Beer),2
574,0.3204376665343839,0.33833914193005643,0.3003489884486111,0.2825899997922683,0.2554173755941835,Kania,1
575,0.2893933594566369,0.32618903195664495,0.2936683807352037,0.3244168053286519,0.3004296170810594,Celtia,1
576,0.3224743466182889,0.26250450666987135,0.30306298533218284,0.2587091547394005,0.3045684166213537,Berber Blonde,1
577,0.25119054368161453,0.30625525778151663,0.2928854970187887,0.39303890816178144,0.29039023170967004,Tango Bière Blonde,1
578,0.8304602512666828,0.876371634670475,0.8392351603540975,0.8147718549529778,0.8403352800540734,Porterhouse Wrasslers XXXX,0
579,0.9213227671921758,0.7635605948199985,0.9220513807054689,0.8677374098586254,0.9242545469760858,Cascade Kriek Ale,0
580,0.8060356196542866,0.7892348610369574,0.8149405942746979,0.7622622194812222,0.8236604325135989,Coopers Best Extra Stout,0
581,0.22465198501254957,0.34470288754629574,0.2894930009143239,0.2695640843088858,0.28795559389655256,Emu Bitter,1
582,0.2932075328098461,0.3639103571916573,0.33351179968348826,0.3607752322256298,0.3285483238875073,Tooheys New,1
583,0.670746640966041,0.7000120177863237,0.6898075412411626,0.6258771474272419,0.6958863201838241,Tun Tavern Leather-Neck Stout,0
584,0.7202991346246137,0.7664323000020227,0.7000857967655805,0.6760328331385249,0.7213976944869591,Carlton Sheaf Stout,0
585,0.7584659785332974,0.6552438073465007,0.7641268745064134,0.6752355219405818,0.7411246218090102,Rocks The Hangman Pale Ale,0
586,0.3482323594441461,0.3397117145139512,0.35335175111601297,0.3113874894148442,0.363505185273843,SP Lager Beer,1
587,0.36600736912884746,0.4399477920549505,0.3723185631779092,0.31294055585547453,0.37694682671499535,Tui East India Pale Ale,1
588,0.38252707419515797,0.433786596755791,0.4420575993900054,0.46164720014751515,0.44623357285825926,Steinlager Classic,2
589,0.8564565537560396,0.8295034049774471,0.864557851414798,0.8121089232245863,0.8643799282013523,Moa Imperial Oak Aged Stout,0
590,0.2579794772946311,0.2916716740776347,0.2352130632428882,0.19900704210723108,0.27936275455613835,SolBrew,1
591,0.26465334423624076,0.28771680392065,0.24441305267872465,0.2708519573086552,0.2305534852179879,Vailima,1
592,0.4773250231007552,0.4997508477495146,0.4881463810520526,0.513520233396288,0.4953648843675853,Vonu Pure Lager,2
593,0.3472963851408809,0.3992256038937627,0.3704888454084195,0.3804454937784333,0.36009964085878154,"Duff Beer (Germany, 4.7%)",1
594,0.9343681834769269,0.6983129594907259,0.899483562610313,0.8655840278062089,0.9049158968299934,Amager Hr. Papsø,0
595,0.4394203720766765,0.4477834882458779,0.45561665357423403,0.4868944535541688,0.4468548274788201,Bofferding Lager Pils,2
596,0.3880478315627065,0.43014757167711004,0.3955164305716144,0.42609825557725833,0.386722385268493,Mousel Premium Pils,1
597,0.2963517107595076,0.3119618774917312,0.3012929873646361,0.3054325472341417,0.3251165106962576,Desant Svitle (DMB),1
598,0.3995772355089775,0.41945164557831305,0.433377915059241,0.44634436586907567,0.44409976019665365,Slavutych Pivo (Slavutich Premium),2
599,0.40062336332093507,0.4581539329893636,0.4383054143056759,0.4398279233987906,0.43633172309148294,Kasztelan Niepasteryzowane,2
600,0.36829964850615104,0.39011086407883655,0.3878753879438012,0.3893075261222708,0.39436358772868385,Brok Export,1
601,0.30230986499287205,0.34652912801011715,0.3254399795046788,0.3369940441511191,0.32873079797194915,Pilsen (Costa Rica),1
